German Noun;Halunder Article;Noun Halunder;Plural Halunder;Additional Info
Abschleppwagen;de;Utslepewain;Utslepewains;(ö)
acht;-;ach;-;
Achterbahn;de;Achterboan;Achterboan'n;
achtzehn;-;achtain;-;
Acker;de;Akker;Akkers;
Adler;de;Oadler;Oadlers;
Affe;de;Oap;Oapen;
Akrobat;de;Akroboat;Akroboaten;
Alfabet;deät;Alfabeet;-;
alt;-;ool;-;
American Football;-;Amerikoansk Fútboal;-;
Ampel;de;Ampeler;Ampeler;
Ananas;deät;ananas;-;
Angehörige;-;Ooinen;-;*
Angel;de;Hoggel;Hoggelen;
Angeln;deät;Hoggeln;-;
Anhänger;de;Uunhänger;Uunhängers;
Antenne;de;Anten'n;Anten'n;
Apfel;de;Oapel;Oapeler;
Apfelbaum;de;Oapelboam;Oapelboamen;
Apfelsine;de;Oapelsiin;Oapelsiin'n;
Aprikose;de;Aprikoos;Aprikoosen;
Aquarium;deät;Akwarium;Akwariums;
Arm;de;Iärem;Iäremer;
Armbanduhr;de;Iir;Iirn;
artig;-;oorti;-;
Ärztin;deät;Dokter;Dokters;
Astronaut;de;Astronaut;Astronauten;
auf;-;eepen;-;(offen)
Aufzug;de;Wüip;Wüipen;
Auge;de;Oog;Oogen;
Augenbraue;-;Ooghearn;-;*
Auto;deät;Auto;Autos;
Autowäsche;deät;Autowasken;-;
Axt;de;Eäks;Eäksen;
Bach;de;Bach;Taate/Letjen Bäche;
Bäckerin;deät;Bakker;Bakkers;
Badeanzug;de;Boadbrek;Boadbrekken;
Bademantel;de;Boadmantel;Boadmanteler;
Badewanne;de;Boadwan;Boadwan'n;
Badewanne;de;Küp;Küppen;
Badminton;-;Badminton;-;
Bagger;de;Bagger;Baggers;
Bahnhof;de;Boanhoof;Boanhoofs;
Bahnsteig;de;Boanstig;Boanstigen;
Ball;de;Boal;Boain;
Ballon;de;Ballong;Ballongs;
Banane;de;Banaan;Banaan'n;
Banane;de;Banaa;Banaas;alt.
Bank;de;Beenk;Beenken;
Bär;de;Beer;Beeren;
Baseball;deät;Baseballsspeln;-;
Basketball;deät;Kùrowboalsspeln;-;
basteln;-;basteln;-;
Batterie;de;Batterii;Batteriin;
Bauer;de;Buur;Buuren;
Bauernhaus;deät;Buurnhús;Buurnhüsler;
Bauernhof;de;Buurnhof;Buurnhöfe;
Bauklötzchen;de;Buuklots;Buuklotsen;
Baum;de;Boam;Boamen;
Baumstamm;de;Boamstamm;Boamstammen;
Beil;de;Eäks;Eäksen;
Bein;de;Been;Been/Beaner;
Benzin;deät;Bensiin;-;
Berg;de;Berri;Berriger;(ö)
Beruf;de;Beruup;Beruupen;
Besen;de;Beesem;Beesemer;
Besenschrank;de;Beesemskaap;Beesemskaapen;
Bett;deät;Boad;Boaden;
Bettlaken;de;Baadlaken;Baadblaachen;
Bibel;de;Biibel;Biibeln;
Biene;de;Biin;Biin'n;
Bienenstock;de;Biinkùrrow;Biinkùrrower;
Bild;deät;Büil;Büiler;
Bilderbuch;deät;Büilerbuuk;Büilerbukker;
Birne;de;Peer;Peern;
Bison;de;Bison;Bisons;
Blatt;deät;Bleed;Bleed'n;
blau;-;blö;-;
Bleistift;de;Bläidjan;Bläidjans;(-dján)
Blitz;de;Looid;Looid'n;
Blockflöte;de;Blokfloit;Blokfloiten;
Blume;de;Blömken;Blömken;
Blumenbeet;deät;Blömkenbaad;Blömkenbaader;
Bogen;de;Flintenboogi;Flintenspeegeler;
Bogenschießen;deät;Boogenschaiten;-;(das)
Bohne;de;Booan;Booan'n;
Bohrer;de;Böer;Böeren;
Bonbon;de;Boit;Boiten;
Bonbon;de;Sokkerboit(tj);Sokkerboitjis;
Boot;deät;Booat;Booats;
böse;-;bösterk;-;(unartig)
böse;-;marrti;-;(unartig)
Brathähnchen;de;broadet Heen;b. Heener;
Bratpfanne;de;Broadpon;Broadpon'n;
braun;-;brens;-;
braun;-;kleerf;-;alt.
Braut;deät;Braid;Braid'n;
Bräutigam;de;Fraier;Fraiers;
Brautjungfer;deät;Braidjoamel;Braidjoameler;
Brief;de;Breow;Breowen/Breafen;
Briefträger;de;Breafdrager;Breafdreegers;
Brille;deät;Brell;Brellen;
Brötchen;deät;Rinstek;Rinstekken;
Brücke;deät;Brö;Bröen;
Bruder;de;Bruur;Bröörs;
Brust;de;Bös;Bössen;
Bus;deät;Bus;Bussen;
Bügeleisen;deät;Strikirn;Strikbùrder;(-büddö)
Buggy;de;Künnerkeer;Künnerkeern;
Burg;de;Börri;Börriger;
Bürgersteig;de;Fútgengerwai;Fútgengerwain;
Busch;de;Bosk;Bosken;
Busfahrer;de;Busfoorer;Busfoorers;
Butter;deät;Bötter;-;
Butterbrot;de;Bötterskiuw;Bötterskiuwen;
Button;de;Uunsteeker;Uunsteekers;
Café;deät;Kafee;Kafees;
Café;deät;Koffi;Koffis;alt.
CD;de;CD;CD's;
Champignon;de;Champignon;Champignons;
Chips;-;Chips;-;
Clown;de;Klaun;Klauns;
Computer;de;Kompjuuter;Kompjuuters;
Cornflakes;-;Cornflakes;-;*
Cousin;de;Kuseng;Kusengs;
Dach;deät;Toak;Toaken;
Dachpappenstift;de;Papspliker;Papsplaikers;
Dachs;de;Daks;Daksen;
Dampfwalze;de;Dampwalts;Dampwaltsen;
Darm;de;Tärm;Tärmen;
Delphin;de;Delfiin;Delfiin'n;
denken;-;teenk;-;(unreg.)
dick;-;fat;-;
Dienstag;de;Taisdai;-;
Donnerstag;de;Dörpdai;Dörpdain;
Dorf;de;Dörp;Dörpen;sg: (döpp), pl: (döppö)
Dose;de;Doos;Doosen;(Konserven-)
Drachen;de;Droak;Droaken;
draußen;-;buiten;-;
drei;-;tree;-;
Dreieck;de;Treekant;Treekanten;
dreißig;-;treerat;-;
dreizehn;-;tretain;-;
drinnen;-;bennen;-;
dunkel;-;djunk;-;
dünn;-;doun;-;
Dusche;de;Duusch;Duuschen;
Ei;deät;Ai;Aier;
Eichhörnchen;de;Kateeker;Kateekers;
Eidechse;de;Aideks;Aideksen;
Eimer;de;Ommer;Ommern/-s;
einkaufen;-;toophoale;-;
Einkaufstasche;de;Skraap;Skraapen;
Einkaufswagen;de;Keer;Keeren;
Einrad;deät;Iänraad;Iänreäder(s);
eins;-;iän;-;
Eisenbahn;de;Iisenboan;Iisenbeern/Iisenboan'n;
Eisstufe;de;Istuut;Istuuten;
Elefant;de;Elefant;Elefanten;
elf;-;elwen;-;
Ellbogen;de;Elben;Elbenbochen;(ol(b)m)
Ente;de;En'n;Enneken;
Erdbeere;de;Eerbeer;Eerbeern;
Essen;deät;eten;-;(das)
Eule;de;Iil;Iilen;
Fabrik;de;Fabriik;Fabriiken;
Fahne;de;Flag;Flaggen;
Fahrkartenautomat;de;Foortkoortenautomoat;Foortkoortenautomoaten;
Fahrrad;deät;Raad;Reäder(s);
Fahrstuhl;de;Wüip;Wüipen;
Fallschirm;de;Falskürem;Falsküremer;
Familie;-;Ooinen;-;(die nächste), *
fangen;-;fang;-;(unreg.)
Farbe;de;Farrow;Farrowen;(Farbton)
Farbtopf;de;Farrowpot;Farrowpotten;
Feder;de;Fedder;Feddern;
Federbett;de;Fedderdeäk;Fedderdeäken;(ö)
fegen;-;feage;-;
fein;-;fiin;-;
Felsen;de;Näowsteen;Näowsteaner;(öu)
Fenster;deät;Fenster;Fenstern/-s;(ö)
Ferkel;deät;Swiineken;Swiinekenen;(en) (ü)
Fernseher;de;Flimmerkesten;Flimmerkessen;
Feiertag;de;Hìldai;Hìldoagen;(kirchl.)
Feuerwehr;de;Faiervweer;Faiervweern;
Feuerwehrmann;de;Faiervweerman;Faiervweerliid'n;
Finger;de;Finger;Fingern/-s;
Fisch;de;Fesk;Fesken;
Fischkutter;de;Feskkuider;Feskkuiders;
Flasche;de;Böddel;Böddeler;
Fledermaus;de;Fleddermüis;Fleddermüis;
fliegen;-;fliig;-;
Fliege;de;Fliigen;Fliigen;
Fliegenbogen;de;Flintspeegel;Flintspeegeler;
Flügel;de;Olik;Oliken;
Flugplatz;de;Fluchplofs;Fluchplötze;
Flugzeug;de;Flidder;Flidderflidders;
Flugzeug;de;Fligger;Fliggerfliggers;
Flur;de;Ioaln;Ioain;
Fluss;de;Flus;Flüse;
Fohlen;de;Füll;Füllen;sg: (fükk), pl: (fükken)
folgen;-;folg;-;
Form;de;Skek;Skekken;
Fotoapparat;de;Fotoapperoot;Fotoapperoaten;
Fotograf;de;Fotograaf;Fotograawen;
Frachter;deät;Frachskep;Frachskeppen;
Frau;deät;Wüf;Wüfen;
Freitag;de;Fraîdai;Fraîdain;
Friseur;de;Potsder;Potsders;
frisch;-;fresk;-;
Frosch;de;Pog;Poggen;
Frühling;deät;Feedjoar;Feedjoarn;
Fuchs;de;Fuks;Fuksen;
Fuchswelpe;de;Iet(t);Iet(t)i;
Fuchswelpe;de;djong Fuks;djong Fuksen;
Füller;de;Füller;Füllers;
fünf;-;föw;-;
fünfzehn;-;föftain;-;
Fuß;de;Fut;Futten;
Fußball;deät;Fútboalspeln;-;
Fußball;deät;Skruppen;-;
Gabel;de;Goabel;Goabeler;
Gans;de;Gus;Guus;
Garten;de;Goard;Goarder;
Geburtstag;de;Gebuursdai;Gebuursdoagen;
Geburtstagskarte;de;Gebuursdaiskoort;Gebuursdaiskoorten;
Geburtstagstorte;de;Gebuursdaistoort;Gebuursdaistoorten;
Gefäß;-;Pot(ät)s(ät);Pot(ät)scher;(kleiner Topf)
Gegensatz;-;Djindeel;Djindeeln;
gehen;-;gung;-;(unreg.)
gelb;-;giil;-;
Geldbeutel;de;Knüpper;Knüppers;
Gemüse;-;Greenhaiten;-;*
Geschäft;de;Loader;Loadens;
Geschenk;deät;Geskenk;Geskenken;
Geschirrtuch;deät;Feetduuk;Feetduker;
Gesicht;deät;Gesecht;Gesechter;
Gewehr;de;Bolt;Bolten;
Gips;de;Binterken;Binterkenkon'n;(verband), (ü)
Giraffe;de;Giraf;Giraffen;
Glas;de;Glaas;Glees;
Goldfisch;de;Gulfesk;Gulfesken;
Gorilla;de;Gorilla;Gorillas;
graben;-;greow;-;(unreg.)
Grapefruit;deät;Gaas;Gaasfruits;
grau;-;groo;-;
groß;-;groot;-;
Großmutter;deät;Oot;Ooten;
Großmutter;deät;Ooti;Ootis;(-ii)
Großvater;de;Grootfoor;Grootfoorn;
grün;-;green;-;
gucken;-;luuke;-;
Gurke;de;Gùrk;Gùrken;
Gürtel;de;Gùrtel;Gùrteler;
Güterzug;de;Gùtertsch;Gùtertschzöge;
Hahn;de;Heen;Heener;
Halbmond;de;Hulwmuun;Hulwmuun'n;
Hals;de;Hals;Halsen;
Halskette;de;Halskeed;Halskeed'n;
Hamburger;de;Håmburger;Håmburgers;
Hamster;de;Hamster;Hamsters;
Hand;de;Hön;Hön'n;
Handschuh;de;Wanten;Wanten;
Handtasche;de;Hönskrap;Hönskrappen;
Handtuch;deät;Hönnduuk;Hönnduker;
Harke;de;Riiw;Riiwen;
Harke;de;Intlandskoffel;Intlandskoffeler;(Schuffel)
hart;-;har;-;
Hase;de;Slof;Slofen;
Haustier;deät;Hüsdiir;Hüsdiiren;
Hecke;de;Hek;Hekken;
Heftzwecke;de;Wants;Wansen;
heiß;-;heat;-;
Heizkörper;de;Hettung;Hettungen;
Helgoländisch;deät;Halunder;-;(halùn(d)ö)
hell;-;heil;-;
Helm;de;Helm;Helmen;
Hemd;de;Hemt;Hemter;sg: (hamp), pl: (hömtö)
Herde;de;Huurd;Huurden;
Herbst;de;Harrows;Harrows;
Heuboden;de;Fodderbookem;Fodderbookemer;
Heuschrecke;de;Fodderhumpler;Fodderhumpler;
hinfahren;-;plaffoal;-;(unreg.)
Hirsch;de;Moos;Moosen;
Hirse;de;Hirsch;Hirsche(n);
Hobel;de;Höwwel;Höwweler;
hoch;-;hoogo;-;
Hocker;de;Hokker;Hokkers;
Holzlöffel;de;Holen Boai;h. Boain;
German Noun;Halunder Article;Noun Halunder;Plural Halunder;Additional Info
Holzlöffel;de;Holen Boai;h. Boain;
Honig;deät;Hönnung;-;
Hose;de;Brek;Brekken;
Hotel;deät;Hotel;Hotels;
Hubschrauber;de;Hüiskiiuwer;Hüiskiiuwers;
Hügel;de;Halle;Hallen;
Huhn;de;Huun;Huuner;
Hühnerstall;de;Hùnnerhok;Hùnnerhoken;
Hund;de;Hùn;hoken;
Hundehütte;de;Hùnnerhok;Hùnnerhoken;
Hündin;de;Hùnnerliin;Hùnnerliin'n;
Hürden;de;Hepske;-;
Hut;de;Hud;Hudder;
Igel;de;Iigeler;Iigeler;
Insel;deät;Eelun;Eelun'n;Synonyms: Jòng, Allun
Jacke;de;Djak;Djakken;
Jahreszeit;de;Djoarstid;Djoarstiden;
Jahrmarkt;de;Djoarmarket;-;
Jalousie;de;Jalusii;Jalusiin;
Jeans;-;Jeans;-;
jogen;deät;Jogen;-;(das)
Joghurt;deät;Joghurt;-;
Jongleur;de;Künstenhudder;Künstenhudders;
Jude;de;Judo;-;
Junge;de;Djong;Djongen;
Kachel;de;Aster;Asters;(Wandfliese)
Kaffee;deät;Koffi;-;
Kakao;deät;Kakao;-;
Kalb;deät;Kallefken;Kallefkener;
Kalender;de;Kalender;Kalenders;
kalt;-;kuul;-;
Kamel;de;Kameel;Kameeln;
Kamin;de;Kamein;Kameinen;
Kanal;de;Kanoal;Kanoain;
Kanarienvogel;de;Kanoariifink;Kanoariifinken;
Känguruh;deät;Känguru;Kängurus;
Kaninchen;deät;Kaninken;Koninken(er);
Kanu;deät;Paddelbooat;Paddelbooats;
Kapelle;deät;Müsikbooat;Müsikbooats;
Karate;deät;Karate;-;
Karotte;de;Wörtel;Wörteler;(wöttel)
Karte(n);de;Koort;Koorten;
Kartoffel;de;Kartüffel;Kartüffeler;alt. Kantüffel, de
Kartoffelbrei;deät;Kartüffelbrai;-;
Karpfen;de;Kaaros;-;
Karussell;de;Karusel;Doosen Karusels;
Käse;deät;Siis;Stekken Siis;
Kasse;de;Kassen;Kassen;
Kassette;de;Kasset;Kassetten;
Kätzchen;de;letj Kat;letj Katter;
Kater;de;Kater;Katers;
Kaulquappe;de;letj Pog;letj Poggen;
Kegel;de;Keegel;Keegeler;
Kehricht;de;Fuulskoffel;Fuulskoffeler;
Keks;de;Keäks;Keäkse(n);
Kellner;de;Ibringer;Ibringers;
Kerze;deät;Leächt;Leächter;
Kessel;de;Setteler;Setteler;(ö)
Ketchup;deät;Ketchup;-;
Kieselstein;de;Singel;Singeler;
Kinder;deät;Kin;-;
Kindergeburtstag;de;Kinnergebuursdai;Kinnergebuursdoagen;
Kinderwagen;de;Kinnerwain;Kinnerwains;
Kino;deät;Kino;Kinos;
Kirsche;de;Kasbeer;Kasbeern;
Kissen;de;Peel;Peeln;
Klavier;deät;Klawiir;-;
Klebstoff;deät;Pek;-;
Kleid;deät;Kleed;Kleeten;
Kleiderhaken;de;Tschichhook;Tschichhooken;
Kleiderschrank;de;Kleerskaap;Kleerskaapen;
Kleidung;-;lleft;-;
klettern;-;klettern;-;(das)
Knie;de;Knäbean;Knäbeaner;
knochen;-;knochen;-;
Knopf;deät;Knop;Knoppen;
Knopfloch;deät;Knopgat;Knopgeet;
kochen;-;kok;-;
Kochtopf;de;Kroch;Krochen;
Köchin;de;Kök;Köken;
Koffer;de;Koffer;Koffers;
Kofferraum;de;Kofferrüm;Kofferrümen;
Kohlkopf;de;Too Kuudi;Topper Küüdi;
Kommode;de;Kommood;Kommood'n;
Kontrollturm;de;Komtrolltürem;Komtrolltüremer;
Kopf;de;Head;Heäds;
kopfüber;-;kopkissen;-;
Korb;de;Kùrrow;Kùrrower;
Kostüm;deät;Uuntoakeltschich;-;(Maskerade)
Kran;-;kroan;-;
Krankenhaus;deät;Kroankenhüs;Kroankenhüisler;
Krankenpfleger;de;Kroankenpleeger;Kroankenpleegers;
Krankenwagen;de;Kroankenwain;Kroankenwains;
Kreide;de;Stik Kriit;Stikken Kriit;
Kreis;de;Krans;Kransen;
kriechen;-;kreep;-;(unreg.)
Krokodil;de;Krokodiil;Krokodiiln;
Kröte;de;Krööt;Krööten;
Krücke;de;Krik;Kriken;
Kuh;de;Kee;Keekens;
Kühlschrank;de;Keelskaap;Keelskaapen;
Küken;deät;Sikken;Sikken;
Künstlerin;deät;Künstlermoaler;Künstlermoalers;
Kürbis;deät;Kürbis;Kürbisse(n);
kurz;de;Kùrt;-;(k(ü)tt)
lila;-;lila;-;
Lineal;de;Linjoal;Linjoain;
Lippe;de;Lep;Leppen;
Loch;deät;Geet;Geeten;
Lokführer;de;Lokfeerer;Lokfeerers;
Lokomotive;de;Lok;Loks;
Löwe;de;Leewen;Leewen;
Löwenjunges;de;letj/djong Leewen;letj/djong Leewen;
Luftballon;de;Lochballong;Lochballongs;
Mädchen;deät;Foamel;Foameler;
Malta;de;Moaler;Moalers;
Malkasten;de;Moalkes;Moalkessen;
Malstift;de;Farrowstift;Farrowstiften;
Mandarine;de;Mandariin;Mandariin'n;
Manslid;de;Manslid;-;
Mantel;de;Fuuremt;Fuuremter;(-mp)
Marienkäfer;de;Marienkefer;Marienkefers;
Marionette;deät;Tochdook;Tochdookers;
Markt;de;Market;Markets;
Marmelade;deät;Marmeload;-;
Maske;de;Mask;Masken;
Maßband;deät;Meetemeat;Meetemeaten;
Matte;de;Mat;Matten;
Maulwurf;de;Mülwarp;Mülwarpen;
Maus;de;Müis;Miis;
Mechaniker;de;Mechaniker;Mechanikers;
Medizin;deät;Meditsiin;Meditsiins;
Meer;de;See;See'n;
Meerschweinchen;deät;Meerswiinnek;Meerswiinneken;(ü)
Mehl;de;Meel;-;
Melone;de;Meloon;Meloon'n;
Messer;de;Knüf;Kniiwer;
Mettwurst;de;Buurmart;Buurmarter;
Metzger;de;Sloachter;Sloachters;
Milch;deät;Molk;-;
Mittagessen;deät;Meddai;-;
Mittwoch;de;Meddeiweeken;Meddeiweekenweekens;
Möhrübe;de;Wörtel;Wörtler;(möddöweeken), (wöttel)
Möhre;de;Wörtel;Wörtler;(möddöweeken), (wöttel)
Mond;de;Muun;Muun'n;
Montag;de;Mundai;Mundain;
Moped;de;Möp;Möppen;
Motor;de;Motoor;Motoorn;
Motorboot;deät;Motorbooat;Motorbooats;
Motorhaube;de;Motoorslap;Motoorslappen;
Motorrad;deät;Motorraad;Motorreäder(s);
Motte;de;Bol;Boin;
Möwe;de;Küb;Kübben;
Müll;deät;Mül;-;
Mülleimer;de;Skitömmer;Skitömmern/-s;
Mund;de;Mit;Mitten;
Mundharmonika;de;Mitorgel;Mitorgeler;
Murmel;de;Mallemer;Mallemers;
Muschel;de;Skraapskölk;Skraapskölken;(Austern-)
Mutter;de;Mem;Memmen;
Mütze;de;Kwap;Kwappen;
Nacht;de;Noach;Noachter;
Nachthemd;deät;Noachhemt;Noachhemter;(-hömp), (-hömtö)
Nachttisch;de;Noachdösk;-;
Nadel;de;Spiker;Spikers;
Nagel;de;nai;-;
Nabel;de;nobi;-;
Nase;de;Nees;Neesen;
Nashorn;de;Neehuurn;Neehuurner;
Nebel;-;Teek;-;
neu;deät;Neet;-;
Nilpferd;de;Niilhingst;Niilhingster;
Obst;deät;Oaft;-;
Ohr;deät;Uär;Uärn;
Öl;deät;Ölle;-;
Oma;deät;Oot;Ooten/Ootis;(-ii)
Onkel;de;Onkel;Onkels;
Opa;de;Grootfoor;Grootfoorn;
Orangensaft;deät;Oapelsiinsaf;-;
Oval;deät;Owoal;Owoain;
Paddel;de;Paddel;Paddeler;
Panda;de;Panda;Pandas;
Papagei;de;Papagei;Papagein;
Papier;deät;Popiir;-;
Papierkorb;de;Popiirkùrrow;Popiirkùrrower;
Papiertuch;deät;Popiirduuk;Popiirdukker;
Park;de;Park;Parks;
Pelikan;de;Pelikoan;Pelikoans;
Perle;de;Krali;Kraliiken;
Pfanne;de;Pon;Ponen;
Pfannkuchen;de;Pankuk;Pankuken;
Pfeffer;deät;Pöpper;-;
Pferd;deät;Hingst;Hingster;
Pferdestall;de;Hingststal;Hingststaller;
Pfirsich;de;Firsich;Firsiche(n);(ü)
Pflanze;de;Ploant;Ploanten;
Pflaster;deät;Ploasterskoffel;Ploasterskoffeler;
Pflaume;de;Plumm;Plummen;
Pflug;de;Pluch;Pluchen;
Pforte;de;Heek;Heeken;
Pfote;de;Pooat;Pooaten;
Pfütze;de;Platsk;Platsken;
Picknick;de;Picknick;-;
Pilot;de;Piiloot;Piilooten;
Pille;de;Pül;Püln;
Pinguin;de;Pinguin;Pinguins;
Pinsel;de;Pinsel;Pinseler;
Pizza;de;Pizza;Pizzas;
Planet;de;Planeet;Planeeten;
Plastik;de;Moors;Moorsen;
Polizei;de;Politsai;-;
Polizeiauto;de;Politsaiwain;Politsaiwains;
Polizist;de;Schandarm;Schandarms;
Pommes frites;-;Pommes frites;-;*
Pony;de;Pony;Ponies;
Popcorn;deät;Popcorn;-;
Pore;de;Poor;Pooren;
Preßlufthammer;de;Peslöchthömerk;Peslöchthömerken;
Puffer;de;Puffer;Puffers;
Pulli;de;Djumper;Djumpers;
Pult;deät;Pult;Pulten;
Puppe;de;Diijen;Diijens;
Puppenhaus;deät;Diijenhüs;Diijenhüsler;
Puste;deät;Pusel;Pusselspln;
Quadrat;de;Fearkant;Fearkanten;
Rad;deät;Raad;Reäder(s);(das)
Radfahren;deät;Raadfoaren;-;(das)
Radiergummi;deät;Radürgummi;Radürgummis;
Rakete;deät;Raket;Raketten;
Rasen;de;Gaars;-;(ö)
Rasenmäher;de;Gaarsmaier;Gaarsmaiers;
Rasensprenger;de;Gaarssprenkler;Gaarssprenklers;
Rauch;de;Smöök;-;
Raupe;de;Rüpper;Rüppers;
Rechenaufgabe;deät;Reekenapgoaw;Reekenapgoawen;
Rechteck;de;Recheck;Rechecken;
Regen;de;Rain;-;(ö)
Regenbogen;de;Rainboch;Rainbochen;
Regenschirm;de;Rainskürem;Rainsküremer;
Regenwurm;de;Iinwürrem;-;
Reifen;de;Hup;Hupper;(Auto)
Reis;de;Rüs;-;
reisen;deät;Siiken;-;(das)
Reißverschluss;deät;Rid'n;-;
reiten;deät;Rid'n;-;(das)
Rennwagen;de;Renwain;Renwains;
Rentier;deät;Rentiir;Rentiirn;
Rhombus;de;Rombus;Rombussen;
Riese;de;Reesen;Reesn;
Riesenrad;deät;Riisenraad;Riisenreäder(s);
Ring;de;Ring;Ringen;
ringwerfen;de;Ringersmitten;-;(das)
Roboter;de;Roboter;Roboters;
Rock;de;Skott;Skotten;(skött'n)
Rohr;de;Rör;Rör'n;
Rollschuh;de;Rölskü;Rölskü;
Rollstuhl;de;Rölstuul;Rölstuuln;
Rollo;de;Ruloo;-;
Rücken;de;Rök;Röin;(oi)
Rucksack;de;Ream;Reamen;
Ruderboot;deät;Rudderbooat;Rudderbooats;
Rüffel;de;Rüffel;Rüffeler;
Rührei;deät;Reerai;-;
Rüssel;de;Rüssel;Rüsseler;
Rutschbahn;de;Büdderboan;Büdderboan'n;(ü)
Saal;de;Saal;Seegen;
Saat;deät;Sead;-;
Säge;de;Seeg;Seegen;
Sägemehl;deät;Seegmeel;-;
Sahne;de;Soone;-;
Salat;deät;Soloot;-;
Salz;deät;Solt;-;
Samstag;de;Senin;Seninen;(-in)
Sandale;de;Sandoal;Sandoain;
Sandburg;de;Sönbörri;Sönbörriger;
Sandkasten;de;Sünkes;Sünkessen;
Sandpapier;deät;Sünpopiir;-;
Sänger;de;Songer;Songers;
Sattel;de;Soadel;Soadeler;
Schaf;deät;Skeap;Skeap;
Schäferin;deät;Skeapharder;Skeapharders;
Schal;de;Skool;Skools;
Schalter;de;Skalter;Skalters;
Schaufel;de;Stiitjerhings;Stiitjerhings;
Schaukelpferd;de;Komeedijanpferdj;Komeedijanpferdjen;
Schauspieler;de;Komeedijan;Komeedijanten;
Schere;de;Skear;Skearn;
Scherenscherte;de;Skerrebossel;Skerrebosseler;(Remise)
Scheune;deät;Skiuw;-;(unreg.)
Schieber;de;Sküw;Hisder;
Schiene;de;Skiin;Skiins;
Schmetterling;de;Miniarrow;Miniarrowen;
Schminke;deät;Sminkfarrow;-;
Schmutz;deät;Skett;-;
Schnabel;de;Snoabel;Snoabeler;
Schnecke;de;Snai;Snain;(öi)
Schnee;de;Snai;Snain;(öi)
Schnur;de;toag;-;
Schnürsenkel;deät;Skubean;Skubeaner;
Schokolade;deät;Schokeload;-;
Schornstein;deät;Skoopsteen;Skoopsteaner;
Schrank;de;Skap;Skapen;
Schraube;de;Skruw;Skruwen;
Schraubenzieher;de;Skruwendraier;Skruwendraiers;
Schraubstock;de;Skrüw;Skrüwen;(unreg.)
Schreibtischlampe;de;Skrüwtafellamp;Skrüwtafellampen;
Schubkarre;de;Koor;Kooren;
Schublade;de;Skùt;Skùten;
Schuh;de;Sku;Sku;
Schule;de;Skuul;Skuuln;
Schulhof;de;Hingsgaars;-;
Schulter;de;Skuller;Skullern;
Schütze;de;Sköttel;Skötteler;
Schwamm;de;Swamp;Swompen;
Schwan;de;Swoan;Swoans;
schwanger;-;stört;-;(stött)
Schwanz;de;Stört;Störten;(stött)
Schwein;deät;Swin;Swin'n;
Schweinestall;de;Swinhok;Swinhoken;
Schwer;deät;swaar;-;
Schwester;de;Söster;Sösters;
schwimmen;deät;sou;-;
Schwimmbad;deät;Swembad;-;
See;de;See;See'n;(der)
See;de;See;See'n;(die)
Seehund;de;Seehùn;Seehùnen;
Seemann;de;See-man;See-liid'n;
Seestern;de;Tuftut;Tuften;
Seetang;deät;Iin;-;
Segelboot;deät;Siilerbooat;Siilerbooats;
Segeln;deät;Siiln;-;(das)
Seife;de;Seep;-;
Seil;deät;Tekken Steap;Tekken Steap;
Seilchen;de;Liin;Liin'n;
Sellerie;de;Selleri;-;(o)
Sicherheitsnetz;deät;Seekerhaitsnat;Seekerhaitsneet;
Signal;deät;Singnoal;Singnoals;
Skateboard;deät;Skiiboord;-;
Ski;de;Ski;Skiis;
Skilaufen;deät;Skiiloopen;-;(das)
Skistock;de;Skistok;Skistokken;
Skooter;de;Skooter;Skooters;
Snowboard;deät;Hees;Heesen;
Socke;de;Soken;-;
Sofa;deät;Soofa;Soofas;
Sommer;de;Sömmer;Sömmern;
Sonnabend;de;Senin;Seninen;(-in)
Sonne;de;Sen;-;
Sonnenhut;de;Senhud;Senhudder;
Sonnenschirm;de;Senskürem;Sensküremer;
Sonntag;de;Sendsdei;Sendsdein;
Spaghetti;deät;Spaghetti;Spaghettis;
Spanne;de;Spuun;Spuunen/Bissen;
Sparbüchse;de;Spaarbis;Spaarbisen;
Spiegel;de;Speegel;Speegeler;
Spiegelei;deät;Spigelai;Spigelaier;
Spielen;deät;speln;-;(ö)
Spielzeug;deät;Speltschich;-;(ö)
Spinnengewebe;deät;Spenwabtschich;-;
Sport;de;Sport;-;
Springseil;de;Springertoag;Springertoagen;
Spitze;de;Spuut;Spuuten;
Spülbecken;de;Itgus;-;
Spülbecken;de;Grupgat;-;(alt.)
Stab;de;Stok;Stokker;
Stachel;de;Stai;Stain;
Staubsauger;de;Stofsiiger;Stofsiigers;
Staubtuch;de;Stofduuk;-;
Stein;de;Steen;Steener;
Stern;de;Stear;Stearn;
Steward;de;Steward;Stewards;
Stewardess;deät;Stewardess;Stewardessen;
Stiefel;de;Steeweln;Steeweln;
Stirn;de;Boln;-;
Stock;de;Stok;Stokker;
Strand;de;Strun;Strun'n;
Straße;de;Stroat;Stroaten;
Straßenlaterne;de;Stroatenlamp;Stroatenlampen;
Straßenwalze;de;Stroatenwalts;Stroatenwaltsen;
Strauch;de;Struus;Struusen;
Stricknadel;de;oin Djak;oin Djakken;
Strickleiter;de;Strikladder;Strikladdern/-s;
Strohballen;de;Stribain;Stribain(s);
Strohhalm;de;Strihalm;Strihalme(n);
Strumpfhose;de;Heesebrek;Heesebrekken;
Stufe;de;Drumpel;Drumpeler;
Stuhl;de;Stuul;Stuuln;
Suppe;deät;Sumo;-;
Sweatshirt;deät;Sweatshirt;Shirts;
Swimmingpool;deät;Swimmingpool;Swimmingpools;
Tablett;deät;Teebür;Teebürder;(-büddö)
Tafel;de;Toafel;Toafeler;
Tag;de;Dai;Doagen;
Tag und Nacht;-;Noach en Dai;-;
Tankstelle;deät;Tanksteed;Tanksteed'n;
Tankwagen;de;Tankwain;Tankwains;
Tante;de;Tante;Tanten;
tanzen;deät;springen;-;(das)
Tasche;de;Doos;Doosdeers;
Taschenkrebs;de;Skraap;Skraapen;
Tassenmesser;de;Taskenmes;Tasken;
Taschentuch;de;Skrapneesduk;Skrapneesduker;
Tasse;de;Kop;Koppen;
Tau;deät;Tau;Toagen;(das)
Taube;de;Diuw;Diiwen;
Taucher;de;Diiker;Diikers;
Taxi;de;Taksi;Taksis;
Teddy;de;Teddi;Teddis;
Tee;de;Tee;-;
Teelöffel;de;Weeterkill;Teelepel;
Teich;de;Kill;Killn;
Telefon;deät;Telefoon;Telefoons;
Teleskop;deät;Fiirkiiker;-;
Teller;de;Teller;Tellern;(ö)
Teppich;deät;Mat;Matten;
Thermometer;de;Termomeeter;Termomeeters;
Tierärztin;de;Diirdokter;Diirdokters;
Tiger;de;Tiger;Tigers;
Tisch;de;Dösk;Döske;
Tischdecke;de;Taffel;Taffeler;
Tischler;de;Dùkker;Dùkkers;
Tischtennis;deät;Taffeltennisspeln;-;
Toastbrot;deät;Toostbrood;Toostbrood'n;
Tochter;de;Dochter;Dochteren;
Toilette;de;Skin;Skin'n/Skins;
Toilettenpapier;deät;Toilettenpopiir;-;
Tomate;de;Tomoat;Tomoaten;
Topf;de;Pot;Potten;(klein)
Torte;de;Toort;Toorten;
Traktor;de;Trekker;Trekkers;
Treppe;de;Trap;Trapen;
Trillerpfeife;de;Floit;Floiten;
trinken;deät;drink;-;(unreg.)
Trommel;de;Bung;Bungen;
Trompete;de;Trumpet;Trumpetten;
Truthahn;de;Truutheen;Truutheener;
T-Shirt;deät;T-Shirt;T-Shirts;
Tunnel;de;Tünnel;Tünnels;
Türklinke;de;Draier;Draiers;
Turnen;deät;tùrnen;-;(das)
Turnhose;deät;Tùrnbrek;Tùrnbrekken;
Turnschuh;de;Tùrnsku;Tùrnsku;
U-Boot;deät;Oawnerseebooat;Oawnerseebooats;
Uhr;de;Klok;Kloken;
Umkleideraum;de;Omtirüm;Omtirümen;
unartig;-;bösterk/inoorti;-;
Unterhemd;deät;Önnerhemt;Önnerhemter;(-hömp), (-hömtö)
Unterhose;de;Önnerbrek;Önnerbrekken;
Untersetzer;de;Önskötter;Önskötterken;
Vater;-;Foor;-;
Verband;de;Ferband;Foorn;
Vetter;de;Kuseng;Kusengs;
Videokassette;de;Videokasset;Videokassetten;
Vogel;de;Fink;Finken;(-käfig)
Vogelbauer;deät;Finkbiiken;Finkbiikener;
Vogelnest;deät;Finkneäs;Finkneäster;
Vogelscheuche;de;Finkskrek;Finkskrekken;
Vorhang;de;Teerhang;Teerhänge;
Waage;de;Wech;Wechen;
Wagen;de;Wain;Wains;
Wald;de;Wolfdes;Wolfdesken;
Wand;de;Wal;Wälder;
Wanne;de;Woch;Wochen;
Wartezimmer;de;Teöwdörnsk;Teöwdörnsken;
Waschbecken;de;Waskbekken;Waskbekkens;
Waschmaschine;de;Waskmaskiin;Waskmaskiins;
Waschpulver;deät;Waskpullower;-;
Wasser;deät;Weeter;-;
Wasserfall;de;Weeterfal;Weeterfaln;
Wasserhahn;de;Weeterheen;Weeterheeneken(er);
Wasserlaufen;deät;Weeterloopen;-;(das)
Watte;deät;Watten;-;
Weg;de;Wai;Wain;
Wegweiser;de;Waiwiisder;Waiwiisders;
Weichgekochtes Ei;deät;wokekoket Ai;w. Aier;
Weihnachten;-;Winachen;-;
Weihnachtsmann;de;Winachenman;Winachenman'n;
Weihnachtsbaum;de;Winachenboam;Winachenboamen;
Weintraube;de;Wiindruug;Wiindruugen;
Welle;de;See;See'n;
Wellensittich;de;Welkensittich;Welkensittiche(n);
Welpe;de;Búppekener;Búppekener;
Welpe;de;djong Hìn;dj. Hünner;(unreg.)
Werkbank;deät;Höwwelbeenken;Höwwelbeenken;
Werkstatt;de;Werksted;Werksteed'n;alt. deel (ö), de
Werkzeugkasten;de;Werktichkeskes;Werktichkesken;
Wespe;de;Wesp;Wespen;
Wetter;deät;Wedder;-;(ö)
Wettrennen;deät;Om-Prüs-Loopen;-;
Wiese;de;Geärs;-;
Wind;de;Win;Win'n;
Windel;deät;Slont;Slonten;
Windmühle;de;Winmöln;Winmölns;
Windsurfen;deät;Winssurfen;-;(das)
Winter;de;Wonter;Wontern;
Wippe;de;Wüpper;Wüpperbùrder;(-büddö)
Wohnung;de;Wunnung;Wunnungen;
Wohnwagen;de;Wunnwain;Wunnwains;
Wohnzimmer;de;Wonndörnsk;Wonndörnsken;
Wolke;de;Wolk;Wolken;
Wolle;de;Wüller;Wüller;
Wort;deät;Wurd;Wùrder;(wüddö)
Würfel;de;Allas;Allassen;
Wurst;de;Wost;-;
Zahl;de;Taal;Taain;
Zahn;de;Teän;Teän'n;
Zahnärztin;deät;Teändokter;Teändokters;
Zahnbürste;de;Teänbossel;Teänbosseler;
Zahnpasta;deät;Teänpasta;Teänpastas;
Zapfsäule;de;Bensiinpump;Bensiinpumpen;
Zaun;de;Staak;Staaken;
Zebra;de;Seebra;Seebras;
Zebrastreifen;de;vii Streeken;-;*
Zehe;de;Tubän;Tubän'n;
Zeichnung;de;Teekening;Teekeningen;
Zeitschrift;de;Taitskrew;Taitskrewen;
Zelt;deät;Telt;Telten;
Zeuge;de;Seüch;Seügen;
Ziege;de;Tsitsten;Tsitstener;
Zielscheibe;de;Skuw;-;
Zimmerdecke;de;Deäk;Deäken;
Zinnsoldat;de;Blaisaldooat;Blaisaldooaten;
Zirkus;de;Sirkus;Sirkussen;
Zirkusdirektor;de;Sirkusdirekter;Sirkusdirekters;
Zitrone;de;Sütteroon;Sütteroon'n;
Zoo;de;Tu;-;(geschlossen)
Zucker;de;Sukker;-;
Zuckerwatte;deät;Sokkerwatten;-;
Zug;de;Tsuch;Zöge;
Zunge;de;Tong;Tongen;
Zweig;de;Twiig;Twiigen;
Zwiebel;deät;Looak;Looak;
Zwilling;de;Twaiöller;-;
Zylinderhut;de;Spint;Spinten;
